insert into "TEST"."QRTZ_JOB_DETAILS" ("SCHED_NAME", "JOB_NAME", "JOB_GROUP", "DESCRIPTION", "JOB_CLASS_NAME", "IS_DURABLE", "IS_NONCONCURRENT", "IS_UPDATE_DATA", "REQUESTS_RECOVERY", "JOB_DATA") values ('RuoyiScheduler', 'TASK_CLASS_NAME1', 'DEFAULT', null, 'com.ruoyi.quartz.util.QuartzDisallowConcurrentExecution', '0', '1', '0', '0', <二进制>);
insert into "TEST"."QRTZ_JOB_DETAILS" ("SCHED_NAME", "JOB_NAME", "JOB_GROUP", "DESCRIPTION", "JOB_CLASS_NAME", "IS_DURABLE", "IS_NONCONCURRENT", "IS_UPDATE_DATA", "REQUESTS_RECOVERY", "JOB_DATA") values ('RuoyiScheduler', 'TASK_CLASS_NAME2', 'DEFAULT', null, 'com.ruoyi.quartz.util.QuartzDisallowConcurrentExecution', '0', '1', '0', '0', <二进制>);
insert into "TEST"."QRTZ_JOB_DETAILS" ("SCHED_NAME", "JOB_NAME", "JOB_GROUP", "DESCRIPTION", "JOB_CLASS_NAME", "IS_DURABLE", "IS_NONCONCURRENT", "IS_UPDATE_DATA", "REQUESTS_RECOVERY", "JOB_DATA") values ('RuoyiScheduler', 'TASK_CLASS_NAME3', 'DEFAULT', null, 'com.ruoyi.quartz.util.QuartzDisallowConcurrentExecution', '0', '1', '0', '0', <二进制>);
insert into "TEST"."QRTZ_JOB_DETAILS" ("SCHED_NAME", "JOB_NAME", "JOB_GROUP", "DESCRIPTION", "JOB_CLASS_NAME", "IS_DURABLE", "IS_NONCONCURRENT", "IS_UPDATE_DATA", "REQUESTS_RECOVERY", "JOB_DATA") values ('RuoyiScheduler', 'TASK_CLASS_NAME4', 'SYSTEM', null, 'com.ruoyi.quartz.util.QuartzDisallowConcurrentExecution', '0', '1', '0', '0', <二进制>);

insert into "TEST"."QRTZ_LOCKS" ("SCHED_NAME", "LOCK_NAME") values ('RuoyiScheduler', 'STATE_ACCESS');
insert into "TEST"."QRTZ_LOCKS" ("SCHED_NAME", "LOCK_NAME") values ('RuoyiScheduler', 'TRIGGER_ACCESS');

insert into "TEST"."SYS_CONFIG" ("CONFIG_ID", "CONFIG_NAME", "CONFIG_KEY", "CONFIG_VALUE", "CONFIG_TYPE", "CREATE_BY", "CREATE_TIME", "UPDATE_BY", "UPDATE_TIME", "REMARK") values (1, '主框架页-默认皮肤样式名称', 'sys.index.skinName', 'skin-blue', 'Y', 'admin', '2018-03-16 11:33:00', 'ry', '2018-03-16 11:33:00', '蓝色 skin-blue、绿色 skin-green、紫色 skin-purple、红色 skin-red、黄色 skin-yellow');
insert into "TEST"."SYS_CONFIG" ("CONFIG_ID", "CONFIG_NAME", "CONFIG_KEY", "CONFIG_VALUE", "CONFIG_TYPE", "CREATE_BY", "CREATE_TIME", "UPDATE_BY", "UPDATE_TIME", "REMARK") values (2, '用户管理-账号初始密码', 'sys.user.initPassword', '123456', 'Y', 'admin', '2018-03-16 11:33:00', 'ry', '2018-03-16 11:33:00', '初始化密码 123456');
insert into "TEST"."SYS_CONFIG" ("CONFIG_ID", "CONFIG_NAME", "CONFIG_KEY", "CONFIG_VALUE", "CONFIG_TYPE", "CREATE_BY", "CREATE_TIME", "UPDATE_BY", "UPDATE_TIME", "REMARK") values (3, '主框架页-侧边栏主题', 'sys.index.sideTheme', 'theme-dark', 'Y', 'admin', '2018-03-16 11:33:00', 'ry', '2018-03-16 11:33:00', '深色主题theme-dark，浅色主题theme-light');

insert into "TEST"."SYS_DICT_TYPE" ("DICT_ID", "DICT_NAME", "DICT_TYPE", "STATUS", "CREATE_BY", "CREATE_TIME", "UPDATE_BY", "UPDATE_TIME", "REMARK") values (1, '用户性别', 'sys_user_sex', '0', 'admin', '2018-03-16 11:33:00', 'ry', '2018-03-16 11:33:00', '用户性别列表');
insert into "TEST"."SYS_DICT_TYPE" ("DICT_ID", "DICT_NAME", "DICT_TYPE", "STATUS", "CREATE_BY", "CREATE_TIME", "UPDATE_BY", "UPDATE_TIME", "REMARK") values (2, '菜单状态', 'sys_show_hide', '0', 'admin', '2018-03-16 11:33:00', 'ry', '2018-03-16 11:33:00', '菜单状态列表');
insert into "TEST"."SYS_DICT_TYPE" ("DICT_ID", "DICT_NAME", "DICT_TYPE", "STATUS", "CREATE_BY", "CREATE_TIME", "UPDATE_BY", "UPDATE_TIME", "REMARK") values (3, '系统开关', 'sys_normal_disable', '0', 'admin', '2018-03-16 11:33:00', 'ry', '2018-03-16 11:33:00', '系统开关列表');
insert into "TEST"."SYS_DICT_TYPE" ("DICT_ID", "DICT_NAME", "DICT_TYPE", "STATUS", "CREATE_BY", "CREATE_TIME", "UPDATE_BY", "UPDATE_TIME", "REMARK") values (4, '任务状态', 'sys_job_status', '0', 'admin', '2018-03-16 11:33:00', 'ry', '2018-03-16 11:33:00', '任务状态列表');
insert into "TEST"."SYS_DICT_TYPE" ("DICT_ID", "DICT_NAME", "DICT_TYPE", "STATUS", "CREATE_BY", "CREATE_TIME", "UPDATE_BY", "UPDATE_TIME", "REMARK") values (5, '任务分组', 'sys_job_group', '0', 'admin', '2018-03-16 11:33:00', 'ry', '2018-03-16 11:33:00', '任务分组列表');
insert into "TEST"."SYS_DICT_TYPE" ("DICT_ID", "DICT_NAME", "DICT_TYPE", "STATUS", "CREATE_BY", "CREATE_TIME", "UPDATE_BY", "UPDATE_TIME", "REMARK") values (6, '系统是否', 'sys_yes_no', '0', 'admin', '2018-03-16 11:33:00', 'ry', '2018-03-16 11:33:00', '系统是否列表');
insert into "TEST"."SYS_DICT_TYPE" ("DICT_ID", "DICT_NAME", "DICT_TYPE", "STATUS", "CREATE_BY", "CREATE_TIME", "UPDATE_BY", "UPDATE_TIME", "REMARK") values (7, '通知类型', 'sys_notice_type', '0', 'admin', '2018-03-16 11:33:00', 'ry', '2018-03-16 11:33:00', '通知类型列表');
insert into "TEST"."SYS_DICT_TYPE" ("DICT_ID", "DICT_NAME", "DICT_TYPE", "STATUS", "CREATE_BY", "CREATE_TIME", "UPDATE_BY", "UPDATE_TIME", "REMARK") values (8, '通知状态', 'sys_notice_status', '0', 'admin', '2018-03-16 11:33:00', 'ry', '2018-03-16 11:33:00', '通知状态列表');
insert into "TEST"."SYS_DICT_TYPE" ("DICT_ID", "DICT_NAME", "DICT_TYPE", "STATUS", "CREATE_BY", "CREATE_TIME", "UPDATE_BY", "UPDATE_TIME", "REMARK") values (9, '操作类型', 'sys_oper_type', '0', 'admin', '2018-03-16 11:33:00', 'ry', '2018-03-16 11:33:00', '操作类型列表');
insert into "TEST"."SYS_DICT_TYPE" ("DICT_ID", "DICT_NAME", "DICT_TYPE", "STATUS", "CREATE_BY", "CREATE_TIME", "UPDATE_BY", "UPDATE_TIME", "REMARK") values (10, '系统状态', 'sys_common_status', '0', 'admin', '2018-03-16 11:33:00', 'ry', '2018-03-16 11:33:00', '登录状态列表');

insert into "TEST"."SYS_DICT_DATA" ("DICT_CODE", "DICT_SORT", "DICT_LABEL", "DICT_VALUE", "DICT_TYPE", "CSS_CLASS", "LIST_CLASS", "IS_DEFAULT", "STATUS", "CREATE_BY", "CREATE_TIME", "UPDATE_BY", "UPDATE_TIME", "REMARK") values (1, 1, '男', '0', 'sys_user_sex', '', '', 'Y', '0', 'admin', '2018-03-16 11:33:00', 'ry', '2018-03-16 11:33:00', '性别男');
insert into "TEST"."SYS_DICT_DATA" ("DICT_CODE", "DICT_SORT", "DICT_LABEL", "DICT_VALUE", "DICT_TYPE", "CSS_CLASS", "LIST_CLASS", "IS_DEFAULT", "STATUS", "CREATE_BY", "CREATE_TIME", "UPDATE_BY", "UPDATE_TIME", "REMARK") values (2, 2, '女', '1', 'sys_user_sex', '', '', 'N', '0', 'admin', '2018-03-16 11:33:00', 'ry', '2018-03-16 11:33:00', '性别女');
insert into "TEST"."SYS_DICT_DATA" ("DICT_CODE", "DICT_SORT", "DICT_LABEL", "DICT_VALUE", "DICT_TYPE", "CSS_CLASS", "LIST_CLASS", "IS_DEFAULT", "STATUS", "CREATE_BY", "CREATE_TIME", "UPDATE_BY", "UPDATE_TIME", "REMARK") values (3, 3, '保密', '2', 'sys_user_sex', '', '', 'N', '0', 'admin', '2018-03-16 11:33:00', 'admin', '2021-04-06 11:11:58', '性别保密');
insert into "TEST"."SYS_DICT_DATA" ("DICT_CODE", "DICT_SORT", "DICT_LABEL", "DICT_VALUE", "DICT_TYPE", "CSS_CLASS", "LIST_CLASS", "IS_DEFAULT", "STATUS", "CREATE_BY", "CREATE_TIME", "UPDATE_BY", "UPDATE_TIME", "REMARK") values (4, 1, '显示', '0', 'sys_show_hide', '', 'primary', 'Y', '0', 'admin', '2018-03-16 11:33:00', 'ry', '2018-03-16 11:33:00', '显示菜单');
insert into "TEST"."SYS_DICT_DATA" ("DICT_CODE", "DICT_SORT", "DICT_LABEL", "DICT_VALUE", "DICT_TYPE", "CSS_CLASS", "LIST_CLASS", "IS_DEFAULT", "STATUS", "CREATE_BY", "CREATE_TIME", "UPDATE_BY", "UPDATE_TIME", "REMARK") values (5, 2, '隐藏', '1', 'sys_show_hide', '', 'danger', 'N', '0', 'admin', '2018-03-16 11:33:00', 'ry', '2018-03-16 11:33:00', '隐藏菜单');
insert into "TEST"."SYS_DICT_DATA" ("DICT_CODE", "DICT_SORT", "DICT_LABEL", "DICT_VALUE", "DICT_TYPE", "CSS_CLASS", "LIST_CLASS", "IS_DEFAULT", "STATUS", "CREATE_BY", "CREATE_TIME", "UPDATE_BY", "UPDATE_TIME", "REMARK") values (6, 1, '正常', '0', 'sys_normal_disable', '', 'primary', 'Y', '0', 'admin', '2018-03-16 11:33:00', 'ry', '2018-03-16 11:33:00', '正常状态');
insert into "TEST"."SYS_DICT_DATA" ("DICT_CODE", "DICT_SORT", "DICT_LABEL", "DICT_VALUE", "DICT_TYPE", "CSS_CLASS", "LIST_CLASS", "IS_DEFAULT", "STATUS", "CREATE_BY", "CREATE_TIME", "UPDATE_BY", "UPDATE_TIME", "REMARK") values (7, 2, '停用', '1', 'sys_normal_disable', '', 'danger', 'N', '0', 'admin', '2018-03-16 11:33:00', 'ry', '2018-03-16 11:33:00', '停用状态');
insert into "TEST"."SYS_DICT_DATA" ("DICT_CODE", "DICT_SORT", "DICT_LABEL", "DICT_VALUE", "DICT_TYPE", "CSS_CLASS", "LIST_CLASS", "IS_DEFAULT", "STATUS", "CREATE_BY", "CREATE_TIME", "UPDATE_BY", "UPDATE_TIME", "REMARK") values (8, 1, '正常', '0', 'sys_job_status', '', 'primary', 'Y', '0', 'admin', '2018-03-16 11:33:00', 'ry', '2018-03-16 11:33:00', '正常状态');
insert into "TEST"."SYS_DICT_DATA" ("DICT_CODE", "DICT_SORT", "DICT_LABEL", "DICT_VALUE", "DICT_TYPE", "CSS_CLASS", "LIST_CLASS", "IS_DEFAULT", "STATUS", "CREATE_BY", "CREATE_TIME", "UPDATE_BY", "UPDATE_TIME", "REMARK") values (9, 2, '暂停', '1', 'sys_job_status', '', 'danger', 'N', '0', 'admin', '2018-03-16 11:33:00', 'ry', '2018-03-16 11:33:00', '停用状态');
insert into "TEST"."SYS_DICT_DATA" ("DICT_CODE", "DICT_SORT", "DICT_LABEL", "DICT_VALUE", "DICT_TYPE", "CSS_CLASS", "LIST_CLASS", "IS_DEFAULT", "STATUS", "CREATE_BY", "CREATE_TIME", "UPDATE_BY", "UPDATE_TIME", "REMARK") values (10, 1, '默认', 'DEFAULT', 'sys_job_group', '', '', 'Y', '0', 'admin', '2018-03-16 11:33:00', 'ry', '2018-03-16 11:33:00', '默认分组');
insert into "TEST"."SYS_DICT_DATA" ("DICT_CODE", "DICT_SORT", "DICT_LABEL", "DICT_VALUE", "DICT_TYPE", "CSS_CLASS", "LIST_CLASS", "IS_DEFAULT", "STATUS", "CREATE_BY", "CREATE_TIME", "UPDATE_BY", "UPDATE_TIME", "REMARK") values (11, 2, '系统', 'SYSTEM', 'sys_job_group', '', '', 'N', '0', 'admin', '2018-03-16 11:33:00', 'ry', '2018-03-16 11:33:00', '系统分组');
insert into "TEST"."SYS_DICT_DATA" ("DICT_CODE", "DICT_SORT", "DICT_LABEL", "DICT_VALUE", "DICT_TYPE", "CSS_CLASS", "LIST_CLASS", "IS_DEFAULT", "STATUS", "CREATE_BY", "CREATE_TIME", "UPDATE_BY", "UPDATE_TIME", "REMARK") values (12, 1, '是', 'Y', 'sys_yes_no', '', 'primary', 'Y', '0', 'admin', '2018-03-16 11:33:00', 'ry', '2018-03-16 11:33:00', '系统默认是');
insert into "TEST"."SYS_DICT_DATA" ("DICT_CODE", "DICT_SORT", "DICT_LABEL", "DICT_VALUE", "DICT_TYPE", "CSS_CLASS", "LIST_CLASS", "IS_DEFAULT", "STATUS", "CREATE_BY", "CREATE_TIME", "UPDATE_BY", "UPDATE_TIME", "REMARK") values (13, 2, '否', 'N', 'sys_yes_no', '', 'danger', 'N', '0', 'admin', '2018-03-16 11:33:00', 'ry', '2018-03-16 11:33:00', '系统默认否');
insert into "TEST"."SYS_DICT_DATA" ("DICT_CODE", "DICT_SORT", "DICT_LABEL", "DICT_VALUE", "DICT_TYPE", "CSS_CLASS", "LIST_CLASS", "IS_DEFAULT", "STATUS", "CREATE_BY", "CREATE_TIME", "UPDATE_BY", "UPDATE_TIME", "REMARK") values (14, 1, '通知', '1', 'sys_notice_type', '', 'warning', 'Y', '0', 'admin', '2018-03-16 11:33:00', 'ry', '2018-03-16 11:33:00', '通知');
insert into "TEST"."SYS_DICT_DATA" ("DICT_CODE", "DICT_SORT", "DICT_LABEL", "DICT_VALUE", "DICT_TYPE", "CSS_CLASS", "LIST_CLASS", "IS_DEFAULT", "STATUS", "CREATE_BY", "CREATE_TIME", "UPDATE_BY", "UPDATE_TIME", "REMARK") values (15, 2, '公告', '2', 'sys_notice_type', '', 'success', 'N', '0', 'admin', '2018-03-16 11:33:00', 'ry', '2018-03-16 11:33:00', '公告');
insert into "TEST"."SYS_DICT_DATA" ("DICT_CODE", "DICT_SORT", "DICT_LABEL", "DICT_VALUE", "DICT_TYPE", "CSS_CLASS", "LIST_CLASS", "IS_DEFAULT", "STATUS", "CREATE_BY", "CREATE_TIME", "UPDATE_BY", "UPDATE_TIME", "REMARK") values (16, 1, '正常', '0', 'sys_notice_status', '', 'primary', 'Y', '0', 'admin', '2018-03-16 11:33:00', 'ry', '2018-03-16 11:33:00', '正常状态');
insert into "TEST"."SYS_DICT_DATA" ("DICT_CODE", "DICT_SORT", "DICT_LABEL", "DICT_VALUE", "DICT_TYPE", "CSS_CLASS", "LIST_CLASS", "IS_DEFAULT", "STATUS", "CREATE_BY", "CREATE_TIME", "UPDATE_BY", "UPDATE_TIME", "REMARK") values (17, 2, '关闭', '1', 'sys_notice_status', '', 'danger', 'N', '0', 'admin', '2018-03-16 11:33:00', 'ry', '2018-03-16 11:33:00', '关闭状态');
insert into "TEST"."SYS_DICT_DATA" ("DICT_CODE", "DICT_SORT", "DICT_LABEL", "DICT_VALUE", "DICT_TYPE", "CSS_CLASS", "LIST_CLASS", "IS_DEFAULT", "STATUS", "CREATE_BY", "CREATE_TIME", "UPDATE_BY", "UPDATE_TIME", "REMARK") values (18, 1, '新增', '1', 'sys_oper_type', '', 'info', 'N', '0', 'admin', '2018-03-16 11:33:00', 'ry', '2018-03-16 11:33:00', '新增操作');
insert into "TEST"."SYS_DICT_DATA" ("DICT_CODE", "DICT_SORT", "DICT_LABEL", "DICT_VALUE", "DICT_TYPE", "CSS_CLASS", "LIST_CLASS", "IS_DEFAULT", "STATUS", "CREATE_BY", "CREATE_TIME", "UPDATE_BY", "UPDATE_TIME", "REMARK") values (19, 2, '修改', '2', 'sys_oper_type', '', 'info', 'N', '0', 'admin', '2018-03-16 11:33:00', 'ry', '2018-03-16 11:33:00', '修改操作');
insert into "TEST"."SYS_DICT_DATA" ("DICT_CODE", "DICT_SORT", "DICT_LABEL", "DICT_VALUE", "DICT_TYPE", "CSS_CLASS", "LIST_CLASS", "IS_DEFAULT", "STATUS", "CREATE_BY", "CREATE_TIME", "UPDATE_BY", "UPDATE_TIME", "REMARK") values (20, 3, '删除', '3', 'sys_oper_type', '', 'danger', 'N', '0', 'admin', '2018-03-16 11:33:00', 'ry', '2018-03-16 11:33:00', '删除操作');
insert into "TEST"."SYS_DICT_DATA" ("DICT_CODE", "DICT_SORT", "DICT_LABEL", "DICT_VALUE", "DICT_TYPE", "CSS_CLASS", "LIST_CLASS", "IS_DEFAULT", "STATUS", "CREATE_BY", "CREATE_TIME", "UPDATE_BY", "UPDATE_TIME", "REMARK") values (21, 4, '授权', '4', 'sys_oper_type', '', 'primary', 'N', '0', 'admin', '2018-03-16 11:33:00', 'ry', '2018-03-16 11:33:00', '授权操作');
insert into "TEST"."SYS_DICT_DATA" ("DICT_CODE", "DICT_SORT", "DICT_LABEL", "DICT_VALUE", "DICT_TYPE", "CSS_CLASS", "LIST_CLASS", "IS_DEFAULT", "STATUS", "CREATE_BY", "CREATE_TIME", "UPDATE_BY", "UPDATE_TIME", "REMARK") values (22, 5, '导出', '5', 'sys_oper_type', '', 'warning', 'N', '0', 'admin', '2018-03-16 11:33:00', 'ry', '2018-03-16 11:33:00', '导出操作');
insert into "TEST"."SYS_DICT_DATA" ("DICT_CODE", "DICT_SORT", "DICT_LABEL", "DICT_VALUE", "DICT_TYPE", "CSS_CLASS", "LIST_CLASS", "IS_DEFAULT", "STATUS", "CREATE_BY", "CREATE_TIME", "UPDATE_BY", "UPDATE_TIME", "REMARK") values (23, 6, '导入', '6', 'sys_oper_type', '', 'warning', 'N', '0', 'admin', '2018-03-16 11:33:00', 'ry', '2018-03-16 11:33:00', '导入操作');
insert into "TEST"."SYS_DICT_DATA" ("DICT_CODE", "DICT_SORT", "DICT_LABEL", "DICT_VALUE", "DICT_TYPE", "CSS_CLASS", "LIST_CLASS", "IS_DEFAULT", "STATUS", "CREATE_BY", "CREATE_TIME", "UPDATE_BY", "UPDATE_TIME", "REMARK") values (24, 7, '强退', '7', 'sys_oper_type', '', 'danger', 'N', '0', 'admin', '2018-03-16 11:33:00', 'ry', '2018-03-16 11:33:00', '强退操作');
insert into "TEST"."SYS_DICT_DATA" ("DICT_CODE", "DICT_SORT", "DICT_LABEL", "DICT_VALUE", "DICT_TYPE", "CSS_CLASS", "LIST_CLASS", "IS_DEFAULT", "STATUS", "CREATE_BY", "CREATE_TIME", "UPDATE_BY", "UPDATE_TIME", "REMARK") values (25, 8, '生成代码', '8', 'sys_oper_type', '', 'warning', 'N', '0', 'admin', '2018-03-16 11:33:00', 'ry', '2018-03-16 11:33:00', '生成操作');
insert into "TEST"."SYS_DICT_DATA" ("DICT_CODE", "DICT_SORT", "DICT_LABEL", "DICT_VALUE", "DICT_TYPE", "CSS_CLASS", "LIST_CLASS", "IS_DEFAULT", "STATUS", "CREATE_BY", "CREATE_TIME", "UPDATE_BY", "UPDATE_TIME", "REMARK") values (26, 9, '清空数据', '9', 'sys_oper_type', '', 'danger', 'N', '0', 'admin', '2018-03-16 11:33:00', 'ry', '2018-03-16 11:33:00', '清空操作');
insert into "TEST"."SYS_DICT_DATA" ("DICT_CODE", "DICT_SORT", "DICT_LABEL", "DICT_VALUE", "DICT_TYPE", "CSS_CLASS", "LIST_CLASS", "IS_DEFAULT", "STATUS", "CREATE_BY", "CREATE_TIME", "UPDATE_BY", "UPDATE_TIME", "REMARK") values (27, 1, '成功', '0', 'sys_common_status', '', 'primary', 'N', '0', 'admin', '2018-03-16 11:33:00', 'ry', '2018-03-16 11:33:00', '正常状态');
insert into "TEST"."SYS_DICT_DATA" ("DICT_CODE", "DICT_SORT", "DICT_LABEL", "DICT_VALUE", "DICT_TYPE", "CSS_CLASS", "LIST_CLASS", "IS_DEFAULT", "STATUS", "CREATE_BY", "CREATE_TIME", "UPDATE_BY", "UPDATE_TIME", "REMARK") values (28, 2, '失败', '1', 'sys_common_status', '', 'danger', 'N', '0', 'admin', '2018-03-16 11:33:00', 'ry', '2018-03-16 11:33:00', '停用状态');

insert into "TEST"."SYS_JOB" ("JOB_ID", "JOB_NAME", "JOB_GROUP", "INVOKE_TARGET", "CRON_EXPRESSION", "MISFIRE_POLICY", "CONCURRENT", "STATUS", "CREATE_BY", "CREATE_TIME", "UPDATE_BY", "UPDATE_TIME", "REMARK") values (1, '系统默认（无参）', 'DEFAULT', 'ryTask.ryNoParams', '0/10 * * * * ?', '3', '1', '1', 'admin', '2018-03-16 11:33:00', 'ry', '2018-03-16 11:33:00', '');
insert into "TEST"."SYS_JOB" ("JOB_ID", "JOB_NAME", "JOB_GROUP", "INVOKE_TARGET", "CRON_EXPRESSION", "MISFIRE_POLICY", "CONCURRENT", "STATUS", "CREATE_BY", "CREATE_TIME", "UPDATE_BY", "UPDATE_TIME", "REMARK") values (2, '系统默认（有参）', 'DEFAULT', 'ryTask.ryParams(''ry'')', '0/15 * * * * ?', '3', '1', '1', 'admin', '2018-03-16 11:33:00', 'ry', '2020-12-23 17:15:15', '');
insert into "TEST"."SYS_JOB" ("JOB_ID", "JOB_NAME", "JOB_GROUP", "INVOKE_TARGET", "CRON_EXPRESSION", "MISFIRE_POLICY", "CONCURRENT", "STATUS", "CREATE_BY", "CREATE_TIME", "UPDATE_BY", "UPDATE_TIME", "REMARK") values (3, '系统默认（多参）', 'DEFAULT', 'ryTask.ryMultipleParams(''ryTask'', true, 2000L, 316.50D, 100)', '0/20 * * * * ?', '3', '1', '1', 'admin', '2018-03-16 11:33:00', 'xczxb', '2020-12-23 17:17:13', '');

insert into "TEST"."SYS_MENU" ("MENU_ID", "MENU_NAME", "PARENT_ID", "ORDER_NUM", "PATH", "COMPONENT", "IS_FRAME", "MENU_TYPE", "VISIBLE", "STATUS", "PERMS", "ICON", "CREATE_BY", "CREATE_TIME", "UPDATE_BY", "UPDATE_TIME", "REMARK") values (1, '系统管理', 0, 100, 'system', null, 1, 'M', '0', '0', '', 'validCode', 'admin', '2018-03-16 11:33:00', 'admin', '2020-11-06 14:15:20', '系统管理目录');
insert into "TEST"."SYS_MENU" ("MENU_ID", "MENU_NAME", "PARENT_ID", "ORDER_NUM", "PATH", "COMPONENT", "IS_FRAME", "MENU_TYPE", "VISIBLE", "STATUS", "PERMS", "ICON", "CREATE_BY", "CREATE_TIME", "UPDATE_BY", "UPDATE_TIME", "REMARK") values (2, '系统监控', 0, 101, 'monitor', null, 1, 'M', '0', '0', '', 'monitor', 'admin', '2018-03-16 11:33:00', 'admin', '2020-10-20 07:08:17', '系统监控目录');
insert into "TEST"."SYS_MENU" ("MENU_ID", "MENU_NAME", "PARENT_ID", "ORDER_NUM", "PATH", "COMPONENT", "IS_FRAME", "MENU_TYPE", "VISIBLE", "STATUS", "PERMS", "ICON", "CREATE_BY", "CREATE_TIME", "UPDATE_BY", "UPDATE_TIME", "REMARK") values (3, '系统工具', 0, 102, 'tool', null, 1, 'M', '0', '0', '', 'tool', 'admin', '2018-03-16 11:33:00', 'admin', '2020-10-20 07:08:28', '系统工具目录');
insert into "TEST"."SYS_MENU" ("MENU_ID", "MENU_NAME", "PARENT_ID", "ORDER_NUM", "PATH", "COMPONENT", "IS_FRAME", "MENU_TYPE", "VISIBLE", "STATUS", "PERMS", "ICON", "CREATE_BY", "CREATE_TIME", "UPDATE_BY", "UPDATE_TIME", "REMARK") values (100, '用户管理', 1, 1, 'user', 'system/user/index', 1, 'C', '0', '0', 'system:user:list', 'user', 'admin', '2018-03-16 11:33:00', 'ry', '2018-03-16 11:33:00', '用户管理菜单');
insert into "TEST"."SYS_MENU" ("MENU_ID", "MENU_NAME", "PARENT_ID", "ORDER_NUM", "PATH", "COMPONENT", "IS_FRAME", "MENU_TYPE", "VISIBLE", "STATUS", "PERMS", "ICON", "CREATE_BY", "CREATE_TIME", "UPDATE_BY", "UPDATE_TIME", "REMARK") values (101, '角色管理', 1, 2, 'role', 'system/role/index', 1, 'C', '0', '0', 'system:role:list', 'peoples', 'admin', '2018-03-16 11:33:00', 'ry', '2018-03-16 11:33:00', '角色管理菜单');
insert into "TEST"."SYS_MENU" ("MENU_ID", "MENU_NAME", "PARENT_ID", "ORDER_NUM", "PATH", "COMPONENT", "IS_FRAME", "MENU_TYPE", "VISIBLE", "STATUS", "PERMS", "ICON", "CREATE_BY", "CREATE_TIME", "UPDATE_BY", "UPDATE_TIME", "REMARK") values (102, '菜单管理', 1, 3, 'menu', 'system/menu/index', 1, 'C', '0', '0', 'system:menu:list', 'tree-table', 'admin', '2018-03-16 11:33:00', 'ry', '2018-03-16 11:33:00', '菜单管理菜单');
insert into "TEST"."SYS_MENU" ("MENU_ID", "MENU_NAME", "PARENT_ID", "ORDER_NUM", "PATH", "COMPONENT", "IS_FRAME", "MENU_TYPE", "VISIBLE", "STATUS", "PERMS", "ICON", "CREATE_BY", "CREATE_TIME", "UPDATE_BY", "UPDATE_TIME", "REMARK") values (103, '部门管理', 1, 4, 'dept', 'system/dept/index', 1, 'C', '0', '0', 'system:dept:list', 'tree', 'admin', '2018-03-16 11:33:00', 'admin', '2021-01-08 09:59:31', '部门管理菜单');
insert into "TEST"."SYS_MENU" ("MENU_ID", "MENU_NAME", "PARENT_ID", "ORDER_NUM", "PATH", "COMPONENT", "IS_FRAME", "MENU_TYPE", "VISIBLE", "STATUS", "PERMS", "ICON", "CREATE_BY", "CREATE_TIME", "UPDATE_BY", "UPDATE_TIME", "REMARK") values (104, '岗位管理', 1, 5, 'post', 'system/post/index', 1, 'C', '1', '0', 'system:post:list', 'post', 'admin', '2018-03-16 11:33:00', 'admin', '2021-03-12 15:12:15', '岗位管理菜单');
insert into "TEST"."SYS_MENU" ("MENU_ID", "MENU_NAME", "PARENT_ID", "ORDER_NUM", "PATH", "COMPONENT", "IS_FRAME", "MENU_TYPE", "VISIBLE", "STATUS", "PERMS", "ICON", "CREATE_BY", "CREATE_TIME", "UPDATE_BY", "UPDATE_TIME", "REMARK") values (105, '字典管理', 1, 6, 'dict', 'system/dict/index', 1, 'C', '0', '0', 'system:dict:list', 'dict', 'admin', '2018-03-16 11:33:00', 'ry', '2018-03-16 11:33:00', '字典管理菜单');
insert into "TEST"."SYS_MENU" ("MENU_ID", "MENU_NAME", "PARENT_ID", "ORDER_NUM", "PATH", "COMPONENT", "IS_FRAME", "MENU_TYPE", "VISIBLE", "STATUS", "PERMS", "ICON", "CREATE_BY", "CREATE_TIME", "UPDATE_BY", "UPDATE_TIME", "REMARK") values (106, '参数设置', 1, 7, 'config', 'system/config/index', 1, 'C', '0', '0', 'system:config:list', 'edit', 'admin', '2018-03-16 11:33:00', 'ry', '2018-03-16 11:33:00', '参数设置菜单');
insert into "TEST"."SYS_MENU" ("MENU_ID", "MENU_NAME", "PARENT_ID", "ORDER_NUM", "PATH", "COMPONENT", "IS_FRAME", "MENU_TYPE", "VISIBLE", "STATUS", "PERMS", "ICON", "CREATE_BY", "CREATE_TIME", "UPDATE_BY", "UPDATE_TIME", "REMARK") values (107, '通知公告', 1, 8, 'notice', 'system/notice/index', 1, 'C', '1', '0', 'system:notice:list', 'message', 'admin', '2018-03-16 11:33:00', 'admin', '2020-11-02 07:22:30', '通知公告菜单');
insert into "TEST"."SYS_MENU" ("MENU_ID", "MENU_NAME", "PARENT_ID", "ORDER_NUM", "PATH", "COMPONENT", "IS_FRAME", "MENU_TYPE", "VISIBLE", "STATUS", "PERMS", "ICON", "CREATE_BY", "CREATE_TIME", "UPDATE_BY", "UPDATE_TIME", "REMARK") values (108, '日志管理', 1, 9, 'log', 'system/log/index', 1, 'M', '0', '0', '', 'log', 'admin', '2018-03-16 11:33:00', 'admin', '2020-11-04 16:28:04', '日志管理菜单');
insert into "TEST"."SYS_MENU" ("MENU_ID", "MENU_NAME", "PARENT_ID", "ORDER_NUM", "PATH", "COMPONENT", "IS_FRAME", "MENU_TYPE", "VISIBLE", "STATUS", "PERMS", "ICON", "CREATE_BY", "CREATE_TIME", "UPDATE_BY", "UPDATE_TIME", "REMARK") values (109, '在线用户', 2, 1, 'online', 'monitor/online/index', 1, 'C', '0', '0', 'monitor:online:list', 'online', 'admin', '2018-03-16 11:33:00', 'ry', '2018-03-16 11:33:00', '在线用户菜单');
insert into "TEST"."SYS_MENU" ("MENU_ID", "MENU_NAME", "PARENT_ID", "ORDER_NUM", "PATH", "COMPONENT", "IS_FRAME", "MENU_TYPE", "VISIBLE", "STATUS", "PERMS", "ICON", "CREATE_BY", "CREATE_TIME", "UPDATE_BY", "UPDATE_TIME", "REMARK") values (110, '定时任务', 2, 2, 'job', 'monitor/job/index', 1, 'C', '0', '0', 'monitor:job:list', 'job', 'admin', '2018-03-16 11:33:00', 'ry', '2018-03-16 11:33:00', '定时任务菜单');
insert into "TEST"."SYS_MENU" ("MENU_ID", "MENU_NAME", "PARENT_ID", "ORDER_NUM", "PATH", "COMPONENT", "IS_FRAME", "MENU_TYPE", "VISIBLE", "STATUS", "PERMS", "ICON", "CREATE_BY", "CREATE_TIME", "UPDATE_BY", "UPDATE_TIME", "REMARK") values (111, '数据监控', 2, 3, 'druid', 'monitor/druid/index', 1, 'C', '0', '0', 'monitor:druid:list', 'druid', 'admin', '2018-03-16 11:33:00', 'ry', '2018-03-16 11:33:00', '数据监控菜单');
insert into "TEST"."SYS_MENU" ("MENU_ID", "MENU_NAME", "PARENT_ID", "ORDER_NUM", "PATH", "COMPONENT", "IS_FRAME", "MENU_TYPE", "VISIBLE", "STATUS", "PERMS", "ICON", "CREATE_BY", "CREATE_TIME", "UPDATE_BY", "UPDATE_TIME", "REMARK") values (112, '服务监控', 2, 4, 'server', 'monitor/server/index', 1, 'C', '0', '0', 'monitor:server:list', 'server', 'admin', '2018-03-16 11:33:00', 'ry', '2018-03-16 11:33:00', '服务监控菜单');
insert into "TEST"."SYS_MENU" ("MENU_ID", "MENU_NAME", "PARENT_ID", "ORDER_NUM", "PATH", "COMPONENT", "IS_FRAME", "MENU_TYPE", "VISIBLE", "STATUS", "PERMS", "ICON", "CREATE_BY", "CREATE_TIME", "UPDATE_BY", "UPDATE_TIME", "REMARK") values (113, '表单构建', 3, 3, 'build', 'tool/build/index', 1, 'C', '0', '0', 'tool:build:list', 'build', 'admin', '2018-03-16 11:33:00', 'admin', '2020-09-17 11:54:40', '表单构建菜单');
insert into "TEST"."SYS_MENU" ("MENU_ID", "MENU_NAME", "PARENT_ID", "ORDER_NUM", "PATH", "COMPONENT", "IS_FRAME", "MENU_TYPE", "VISIBLE", "STATUS", "PERMS", "ICON", "CREATE_BY", "CREATE_TIME", "UPDATE_BY", "UPDATE_TIME", "REMARK") values (114, '代码生成', 3, 4, 'gen', 'tool/gen/index', 1, 'C', '0', '0', 'tool:gen:list', 'code', 'admin', '2018-03-16 11:33:00', 'admin', '2020-09-17 11:55:22', '代码生成菜单');
insert into "TEST"."SYS_MENU" ("MENU_ID", "MENU_NAME", "PARENT_ID", "ORDER_NUM", "PATH", "COMPONENT", "IS_FRAME", "MENU_TYPE", "VISIBLE", "STATUS", "PERMS", "ICON", "CREATE_BY", "CREATE_TIME", "UPDATE_BY", "UPDATE_TIME", "REMARK") values (115, '系统接口', 3, 5, 'swagger', 'tool/swagger/index', 1, 'C', '0', '0', 'tool:swagger:list', 'swagger', 'admin', '2018-03-16 11:33:00', 'admin', '2020-09-17 11:55:36', '系统接口菜单');
insert into "TEST"."SYS_MENU" ("MENU_ID", "MENU_NAME", "PARENT_ID", "ORDER_NUM", "PATH", "COMPONENT", "IS_FRAME", "MENU_TYPE", "VISIBLE", "STATUS", "PERMS", "ICON", "CREATE_BY", "CREATE_TIME", "UPDATE_BY", "UPDATE_TIME", "REMARK") values (500, '操作日志', 108, 1, 'operlog', 'monitor/operlog/index', 1, 'C', '0', '0', 'monitor:operlog:list', 'form', 'admin', '2018-03-16 11:33:00', 'admin', '2020-11-04 16:11:07', '操作日志菜单');
insert into "TEST"."SYS_MENU" ("MENU_ID", "MENU_NAME", "PARENT_ID", "ORDER_NUM", "PATH", "COMPONENT", "IS_FRAME", "MENU_TYPE", "VISIBLE", "STATUS", "PERMS", "ICON", "CREATE_BY", "CREATE_TIME", "UPDATE_BY", "UPDATE_TIME", "REMARK") values (501, '登录日志', 108, 2, 'logininfor', 'monitor/logininfor/index', 1, 'C', '0', '0', 'monitor:logininfor:list', 'logininfor', 'admin', '2018-03-16 11:33:00', 'ry', '2018-03-16 11:33:00', '登录日志菜单');
insert into "TEST"."SYS_MENU" ("MENU_ID", "MENU_NAME", "PARENT_ID", "ORDER_NUM", "PATH", "COMPONENT", "IS_FRAME", "MENU_TYPE", "VISIBLE", "STATUS", "PERMS", "ICON", "CREATE_BY", "CREATE_TIME", "UPDATE_BY", "UPDATE_TIME", "REMARK") values (1001, '用户查询', 100, 1, '', '', 1, 'F', '0', '0', 'system:user:query', '#', 'admin', '2018-03-16 11:33:00', 'ry', '2018-03-16 11:33:00', '');
insert into "TEST"."SYS_MENU" ("MENU_ID", "MENU_NAME", "PARENT_ID", "ORDER_NUM", "PATH", "COMPONENT", "IS_FRAME", "MENU_TYPE", "VISIBLE", "STATUS", "PERMS", "ICON", "CREATE_BY", "CREATE_TIME", "UPDATE_BY", "UPDATE_TIME", "REMARK") values (1002, '用户新增', 100, 2, '', '', 1, 'F', '0', '0', 'system:user:add', '#', 'admin', '2018-03-16 11:33:00', 'ry', '2018-03-16 11:33:00', '');
insert into "TEST"."SYS_MENU" ("MENU_ID", "MENU_NAME", "PARENT_ID", "ORDER_NUM", "PATH", "COMPONENT", "IS_FRAME", "MENU_TYPE", "VISIBLE", "STATUS", "PERMS", "ICON", "CREATE_BY", "CREATE_TIME", "UPDATE_BY", "UPDATE_TIME", "REMARK") values (1003, '用户修改', 100, 3, '', '', 1, 'F', '0', '0', 'system:user:edit', '#', 'admin', '2018-03-16 11:33:00', 'ry', '2018-03-16 11:33:00', '');
insert into "TEST"."SYS_MENU" ("MENU_ID", "MENU_NAME", "PARENT_ID", "ORDER_NUM", "PATH", "COMPONENT", "IS_FRAME", "MENU_TYPE", "VISIBLE", "STATUS", "PERMS", "ICON", "CREATE_BY", "CREATE_TIME", "UPDATE_BY", "UPDATE_TIME", "REMARK") values (1004, '用户删除', 100, 4, '', '', 1, 'F', '0', '0', 'system:user:remove', '#', 'admin', '2018-03-16 11:33:00', 'ry', '2018-03-16 11:33:00', '');
insert into "TEST"."SYS_MENU" ("MENU_ID", "MENU_NAME", "PARENT_ID", "ORDER_NUM", "PATH", "COMPONENT", "IS_FRAME", "MENU_TYPE", "VISIBLE", "STATUS", "PERMS", "ICON", "CREATE_BY", "CREATE_TIME", "UPDATE_BY", "UPDATE_TIME", "REMARK") values (1005, '用户导出', 100, 5, '', '', 1, 'F', '0', '0', 'system:user:export', '#', 'admin', '2018-03-16 11:33:00', 'ry', '2018-03-16 11:33:00', '');
insert into "TEST"."SYS_MENU" ("MENU_ID", "MENU_NAME", "PARENT_ID", "ORDER_NUM", "PATH", "COMPONENT", "IS_FRAME", "MENU_TYPE", "VISIBLE", "STATUS", "PERMS", "ICON", "CREATE_BY", "CREATE_TIME", "UPDATE_BY", "UPDATE_TIME", "REMARK") values (1006, '用户导入', 100, 6, '', '', 1, 'F', '0', '0', 'system:user:import', '#', 'admin', '2018-03-16 11:33:00', 'ry', '2018-03-16 11:33:00', '');
insert into "TEST"."SYS_MENU" ("MENU_ID", "MENU_NAME", "PARENT_ID", "ORDER_NUM", "PATH", "COMPONENT", "IS_FRAME", "MENU_TYPE", "VISIBLE", "STATUS", "PERMS", "ICON", "CREATE_BY", "CREATE_TIME", "UPDATE_BY", "UPDATE_TIME", "REMARK") values (1007, '重置密码', 100, 7, '', '', 1, 'F', '0', '0', 'system:user:resetPwd', '#', 'admin', '2018-03-16 11:33:00', 'ry', '2018-03-16 11:33:00', '');
insert into "TEST"."SYS_MENU" ("MENU_ID", "MENU_NAME", "PARENT_ID", "ORDER_NUM", "PATH", "COMPONENT", "IS_FRAME", "MENU_TYPE", "VISIBLE", "STATUS", "PERMS", "ICON", "CREATE_BY", "CREATE_TIME", "UPDATE_BY", "UPDATE_TIME", "REMARK") values (1008, '角色查询', 101, 1, '', '', 1, 'F', '0', '0', 'system:role:query', '#', 'admin', '2018-03-16 11:33:00', 'ry', '2018-03-16 11:33:00', '');
insert into "TEST"."SYS_MENU" ("MENU_ID", "MENU_NAME", "PARENT_ID", "ORDER_NUM", "PATH", "COMPONENT", "IS_FRAME", "MENU_TYPE", "VISIBLE", "STATUS", "PERMS", "ICON", "CREATE_BY", "CREATE_TIME", "UPDATE_BY", "UPDATE_TIME", "REMARK") values (1009, '角色新增', 101, 2, '', '', 1, 'F', '0', '0', 'system:role:add', '#', 'admin', '2018-03-16 11:33:00', 'ry', '2018-03-16 11:33:00', '');
insert into "TEST"."SYS_MENU" ("MENU_ID", "MENU_NAME", "PARENT_ID", "ORDER_NUM", "PATH", "COMPONENT", "IS_FRAME", "MENU_TYPE", "VISIBLE", "STATUS", "PERMS", "ICON", "CREATE_BY", "CREATE_TIME", "UPDATE_BY", "UPDATE_TIME", "REMARK") values (1010, '角色修改', 101, 3, '', '', 1, 'F', '0', '0', 'system:role:edit', '#', 'admin', '2018-03-16 11:33:00', 'ry', '2018-03-16 11:33:00', '');
insert into "TEST"."SYS_MENU" ("MENU_ID", "MENU_NAME", "PARENT_ID", "ORDER_NUM", "PATH", "COMPONENT", "IS_FRAME", "MENU_TYPE", "VISIBLE", "STATUS", "PERMS", "ICON", "CREATE_BY", "CREATE_TIME", "UPDATE_BY", "UPDATE_TIME", "REMARK") values (1011, '角色删除', 101, 4, '', '', 1, 'F', '0', '0', 'system:role:remove', '#', 'admin', '2018-03-16 11:33:00', 'ry', '2018-03-16 11:33:00', '');
insert into "TEST"."SYS_MENU" ("MENU_ID", "MENU_NAME", "PARENT_ID", "ORDER_NUM", "PATH", "COMPONENT", "IS_FRAME", "MENU_TYPE", "VISIBLE", "STATUS", "PERMS", "ICON", "CREATE_BY", "CREATE_TIME", "UPDATE_BY", "UPDATE_TIME", "REMARK") values (1012, '角色导出', 101, 5, '', '', 1, 'F', '0', '0', 'system:role:export', '#', 'admin', '2018-03-16 11:33:00', 'ry', '2018-03-16 11:33:00', '');
insert into "TEST"."SYS_MENU" ("MENU_ID", "MENU_NAME", "PARENT_ID", "ORDER_NUM", "PATH", "COMPONENT", "IS_FRAME", "MENU_TYPE", "VISIBLE", "STATUS", "PERMS", "ICON", "CREATE_BY", "CREATE_TIME", "UPDATE_BY", "UPDATE_TIME", "REMARK") values (1013, '菜单查询', 102, 1, '', '', 1, 'F', '0', '0', 'system:menu:query', '#', 'admin', '2018-03-16 11:33:00', 'ry', '2018-03-16 11:33:00', '');
insert into "TEST"."SYS_MENU" ("MENU_ID", "MENU_NAME", "PARENT_ID", "ORDER_NUM", "PATH", "COMPONENT", "IS_FRAME", "MENU_TYPE", "VISIBLE", "STATUS", "PERMS", "ICON", "CREATE_BY", "CREATE_TIME", "UPDATE_BY", "UPDATE_TIME", "REMARK") values (1014, '菜单新增', 102, 2, '', '', 1, 'F', '0', '0', 'system:menu:add', '#', 'admin', '2018-03-16 11:33:00', 'ry', '2018-03-16 11:33:00', '');
insert into "TEST"."SYS_MENU" ("MENU_ID", "MENU_NAME", "PARENT_ID", "ORDER_NUM", "PATH", "COMPONENT", "IS_FRAME", "MENU_TYPE", "VISIBLE", "STATUS", "PERMS", "ICON", "CREATE_BY", "CREATE_TIME", "UPDATE_BY", "UPDATE_TIME", "REMARK") values (1015, '菜单修改', 102, 3, '', '', 1, 'F', '0', '0', 'system:menu:edit', '#', 'admin', '2018-03-16 11:33:00', 'ry', '2018-03-16 11:33:00', '');
insert into "TEST"."SYS_MENU" ("MENU_ID", "MENU_NAME", "PARENT_ID", "ORDER_NUM", "PATH", "COMPONENT", "IS_FRAME", "MENU_TYPE", "VISIBLE", "STATUS", "PERMS", "ICON", "CREATE_BY", "CREATE_TIME", "UPDATE_BY", "UPDATE_TIME", "REMARK") values (1016, '菜单删除', 102, 4, '', '', 1, 'F', '0', '0', 'system:menu:remove', '#', 'admin', '2018-03-16 11:33:00', 'ry', '2018-03-16 11:33:00', '');
insert into "TEST"."SYS_MENU" ("MENU_ID", "MENU_NAME", "PARENT_ID", "ORDER_NUM", "PATH", "COMPONENT", "IS_FRAME", "MENU_TYPE", "VISIBLE", "STATUS", "PERMS", "ICON", "CREATE_BY", "CREATE_TIME", "UPDATE_BY", "UPDATE_TIME", "REMARK") values (1017, '部门查询', 103, 1, '', '', 1, 'F', '0', '0', 'system:dept:query', '#', 'admin', '2018-03-16 11:33:00', 'ry', '2018-03-16 11:33:00', '');
insert into "TEST"."SYS_MENU" ("MENU_ID", "MENU_NAME", "PARENT_ID", "ORDER_NUM", "PATH", "COMPONENT", "IS_FRAME", "MENU_TYPE", "VISIBLE", "STATUS", "PERMS", "ICON", "CREATE_BY", "CREATE_TIME", "UPDATE_BY", "UPDATE_TIME", "REMARK") values (1018, '部门新增', 103, 2, '', '', 1, 'F', '0', '0', 'system:dept:add', '#', 'admin', '2018-03-16 11:33:00', 'ry', '2018-03-16 11:33:00', '');
insert into "TEST"."SYS_MENU" ("MENU_ID", "MENU_NAME", "PARENT_ID", "ORDER_NUM", "PATH", "COMPONENT", "IS_FRAME", "MENU_TYPE", "VISIBLE", "STATUS", "PERMS", "ICON", "CREATE_BY", "CREATE_TIME", "UPDATE_BY", "UPDATE_TIME", "REMARK") values (1019, '部门修改', 103, 3, '', '', 1, 'F', '0', '0', 'system:dept:edit', '#', 'admin', '2018-03-16 11:33:00', 'ry', '2018-03-16 11:33:00', '');
insert into "TEST"."SYS_MENU" ("MENU_ID", "MENU_NAME", "PARENT_ID", "ORDER_NUM", "PATH", "COMPONENT", "IS_FRAME", "MENU_TYPE", "VISIBLE", "STATUS", "PERMS", "ICON", "CREATE_BY", "CREATE_TIME", "UPDATE_BY", "UPDATE_TIME", "REMARK") values (1020, '部门删除', 103, 4, '', '', 1, 'F', '0', '0', 'system:dept:remove', '#', 'admin', '2018-03-16 11:33:00', 'ry', '2018-03-16 11:33:00', '');
insert into "TEST"."SYS_MENU" ("MENU_ID", "MENU_NAME", "PARENT_ID", "ORDER_NUM", "PATH", "COMPONENT", "IS_FRAME", "MENU_TYPE", "VISIBLE", "STATUS", "PERMS", "ICON", "CREATE_BY", "CREATE_TIME", "UPDATE_BY", "UPDATE_TIME", "REMARK") values (1021, '岗位查询', 104, 1, '', '', 1, 'F', '0', '0', 'system:post:query', '#', 'admin', '2018-03-16 11:33:00', 'ry', '2018-03-16 11:33:00', '');
insert into "TEST"."SYS_MENU" ("MENU_ID", "MENU_NAME", "PARENT_ID", "ORDER_NUM", "PATH", "COMPONENT", "IS_FRAME", "MENU_TYPE", "VISIBLE", "STATUS", "PERMS", "ICON", "CREATE_BY", "CREATE_TIME", "UPDATE_BY", "UPDATE_TIME", "REMARK") values (1022, '岗位新增', 104, 2, '', '', 1, 'F', '0', '0', 'system:post:add', '#', 'admin', '2018-03-16 11:33:00', 'ry', '2018-03-16 11:33:00', '');
insert into "TEST"."SYS_MENU" ("MENU_ID", "MENU_NAME", "PARENT_ID", "ORDER_NUM", "PATH", "COMPONENT", "IS_FRAME", "MENU_TYPE", "VISIBLE", "STATUS", "PERMS", "ICON", "CREATE_BY", "CREATE_TIME", "UPDATE_BY", "UPDATE_TIME", "REMARK") values (1023, '岗位修改', 104, 3, '', '', 1, 'F', '0', '0', 'system:post:edit', '#', 'admin', '2018-03-16 11:33:00', 'ry', '2018-03-16 11:33:00', '');
insert into "TEST"."SYS_MENU" ("MENU_ID", "MENU_NAME", "PARENT_ID", "ORDER_NUM", "PATH", "COMPONENT", "IS_FRAME", "MENU_TYPE", "VISIBLE", "STATUS", "PERMS", "ICON", "CREATE_BY", "CREATE_TIME", "UPDATE_BY", "UPDATE_TIME", "REMARK") values (1024, '岗位删除', 104, 4, '', '', 1, 'F', '0', '0', 'system:post:remove', '#', 'admin', '2018-03-16 11:33:00', 'ry', '2018-03-16 11:33:00', '');
insert into "TEST"."SYS_MENU" ("MENU_ID", "MENU_NAME", "PARENT_ID", "ORDER_NUM", "PATH", "COMPONENT", "IS_FRAME", "MENU_TYPE", "VISIBLE", "STATUS", "PERMS", "ICON", "CREATE_BY", "CREATE_TIME", "UPDATE_BY", "UPDATE_TIME", "REMARK") values (1025, '岗位导出', 104, 5, '', '', 1, 'F', '0', '0', 'system:post:export', '#', 'admin', '2018-03-16 11:33:00', 'ry', '2018-03-16 11:33:00', '');
insert into "TEST"."SYS_MENU" ("MENU_ID", "MENU_NAME", "PARENT_ID", "ORDER_NUM", "PATH", "COMPONENT", "IS_FRAME", "MENU_TYPE", "VISIBLE", "STATUS", "PERMS", "ICON", "CREATE_BY", "CREATE_TIME", "UPDATE_BY", "UPDATE_TIME", "REMARK") values (1026, '字典查询', 105, 1, '#', '', 1, 'F', '0', '0', 'system:dict:query', '#', 'admin', '2018-03-16 11:33:00', 'ry', '2018-03-16 11:33:00', '');
insert into "TEST"."SYS_MENU" ("MENU_ID", "MENU_NAME", "PARENT_ID", "ORDER_NUM", "PATH", "COMPONENT", "IS_FRAME", "MENU_TYPE", "VISIBLE", "STATUS", "PERMS", "ICON", "CREATE_BY", "CREATE_TIME", "UPDATE_BY", "UPDATE_TIME", "REMARK") values (1027, '字典新增', 105, 2, '#', '', 1, 'F', '0', '0', 'system:dict:add', '#', 'admin', '2018-03-16 11:33:00', 'ry', '2018-03-16 11:33:00', '');
insert into "TEST"."SYS_MENU" ("MENU_ID", "MENU_NAME", "PARENT_ID", "ORDER_NUM", "PATH", "COMPONENT", "IS_FRAME", "MENU_TYPE", "VISIBLE", "STATUS", "PERMS", "ICON", "CREATE_BY", "CREATE_TIME", "UPDATE_BY", "UPDATE_TIME", "REMARK") values (1028, '字典修改', 105, 3, '#', '', 1, 'F', '0', '0', 'system:dict:edit', '#', 'admin', '2018-03-16 11:33:00', 'ry', '2018-03-16 11:33:00', '');
insert into "TEST"."SYS_MENU" ("MENU_ID", "MENU_NAME", "PARENT_ID", "ORDER_NUM", "PATH", "COMPONENT", "IS_FRAME", "MENU_TYPE", "VISIBLE", "STATUS", "PERMS", "ICON", "CREATE_BY", "CREATE_TIME", "UPDATE_BY", "UPDATE_TIME", "REMARK") values (1029, '字典删除', 105, 4, '#', '', 1, 'F', '0', '0', 'system:dict:remove', '#', 'admin', '2018-03-16 11:33:00', 'ry', '2018-03-16 11:33:00', '');
insert into "TEST"."SYS_MENU" ("MENU_ID", "MENU_NAME", "PARENT_ID", "ORDER_NUM", "PATH", "COMPONENT", "IS_FRAME", "MENU_TYPE", "VISIBLE", "STATUS", "PERMS", "ICON", "CREATE_BY", "CREATE_TIME", "UPDATE_BY", "UPDATE_TIME", "REMARK") values (1030, '字典导出', 105, 5, '#', '', 1, 'F', '0', '0', 'system:dict:export', '#', 'admin', '2018-03-16 11:33:00', 'ry', '2018-03-16 11:33:00', '');
insert into "TEST"."SYS_MENU" ("MENU_ID", "MENU_NAME", "PARENT_ID", "ORDER_NUM", "PATH", "COMPONENT", "IS_FRAME", "MENU_TYPE", "VISIBLE", "STATUS", "PERMS", "ICON", "CREATE_BY", "CREATE_TIME", "UPDATE_BY", "UPDATE_TIME", "REMARK") values (1031, '参数查询', 106, 1, '#', '', 1, 'F', '0', '0', 'system:config:query', '#', 'admin', '2018-03-16 11:33:00', 'ry', '2018-03-16 11:33:00', '');
insert into "TEST"."SYS_MENU" ("MENU_ID", "MENU_NAME", "PARENT_ID", "ORDER_NUM", "PATH", "COMPONENT", "IS_FRAME", "MENU_TYPE", "VISIBLE", "STATUS", "PERMS", "ICON", "CREATE_BY", "CREATE_TIME", "UPDATE_BY", "UPDATE_TIME", "REMARK") values (1032, '参数新增', 106, 2, '#', '', 1, 'F', '0', '0', 'system:config:add', '#', 'admin', '2018-03-16 11:33:00', 'ry', '2018-03-16 11:33:00', '');
insert into "TEST"."SYS_MENU" ("MENU_ID", "MENU_NAME", "PARENT_ID", "ORDER_NUM", "PATH", "COMPONENT", "IS_FRAME", "MENU_TYPE", "VISIBLE", "STATUS", "PERMS", "ICON", "CREATE_BY", "CREATE_TIME", "UPDATE_BY", "UPDATE_TIME", "REMARK") values (1033, '参数修改', 106, 3, '#', '', 1, 'F', '0', '0', 'system:config:edit', '#', 'admin', '2018-03-16 11:33:00', 'ry', '2018-03-16 11:33:00', '');
insert into "TEST"."SYS_MENU" ("MENU_ID", "MENU_NAME", "PARENT_ID", "ORDER_NUM", "PATH", "COMPONENT", "IS_FRAME", "MENU_TYPE", "VISIBLE", "STATUS", "PERMS", "ICON", "CREATE_BY", "CREATE_TIME", "UPDATE_BY", "UPDATE_TIME", "REMARK") values (1034, '参数删除', 106, 4, '#', '', 1, 'F', '0', '0', 'system:config:remove', '#', 'admin', '2018-03-16 11:33:00', 'ry', '2018-03-16 11:33:00', '');
insert into "TEST"."SYS_MENU" ("MENU_ID", "MENU_NAME", "PARENT_ID", "ORDER_NUM", "PATH", "COMPONENT", "IS_FRAME", "MENU_TYPE", "VISIBLE", "STATUS", "PERMS", "ICON", "CREATE_BY", "CREATE_TIME", "UPDATE_BY", "UPDATE_TIME", "REMARK") values (1035, '参数导出', 106, 5, '#', '', 1, 'F', '0', '0', 'system:config:export', '#', 'admin', '2018-03-16 11:33:00', 'ry', '2018-03-16 11:33:00', '');
insert into "TEST"."SYS_MENU" ("MENU_ID", "MENU_NAME", "PARENT_ID", "ORDER_NUM", "PATH", "COMPONENT", "IS_FRAME", "MENU_TYPE", "VISIBLE", "STATUS", "PERMS", "ICON", "CREATE_BY", "CREATE_TIME", "UPDATE_BY", "UPDATE_TIME", "REMARK") values (1036, '公告查询', 107, 1, '#', '', 1, 'F', '0', '0', 'system:notice:query', '#', 'admin', '2018-03-16 11:33:00', 'ry', '2018-03-16 11:33:00', '');
insert into "TEST"."SYS_MENU" ("MENU_ID", "MENU_NAME", "PARENT_ID", "ORDER_NUM", "PATH", "COMPONENT", "IS_FRAME", "MENU_TYPE", "VISIBLE", "STATUS", "PERMS", "ICON", "CREATE_BY", "CREATE_TIME", "UPDATE_BY", "UPDATE_TIME", "REMARK") values (1037, '公告新增', 107, 2, '#', '', 1, 'F', '0', '0', 'system:notice:add', '#', 'admin', '2018-03-16 11:33:00', 'ry', '2018-03-16 11:33:00', '');
insert into "TEST"."SYS_MENU" ("MENU_ID", "MENU_NAME", "PARENT_ID", "ORDER_NUM", "PATH", "COMPONENT", "IS_FRAME", "MENU_TYPE", "VISIBLE", "STATUS", "PERMS", "ICON", "CREATE_BY", "CREATE_TIME", "UPDATE_BY", "UPDATE_TIME", "REMARK") values (1038, '公告修改', 107, 3, '#', '', 1, 'F', '0', '0', 'system:notice:edit', '#', 'admin', '2018-03-16 11:33:00', 'ry', '2018-03-16 11:33:00', '');
insert into "TEST"."SYS_MENU" ("MENU_ID", "MENU_NAME", "PARENT_ID", "ORDER_NUM", "PATH", "COMPONENT", "IS_FRAME", "MENU_TYPE", "VISIBLE", "STATUS", "PERMS", "ICON", "CREATE_BY", "CREATE_TIME", "UPDATE_BY", "UPDATE_TIME", "REMARK") values (1039, '公告删除', 107, 4, '#', '', 1, 'F', '0', '0', 'system:notice:remove', '#', 'admin', '2018-03-16 11:33:00', 'ry', '2018-03-16 11:33:00', '');
insert into "TEST"."SYS_MENU" ("MENU_ID", "MENU_NAME", "PARENT_ID", "ORDER_NUM", "PATH", "COMPONENT", "IS_FRAME", "MENU_TYPE", "VISIBLE", "STATUS", "PERMS", "ICON", "CREATE_BY", "CREATE_TIME", "UPDATE_BY", "UPDATE_TIME", "REMARK") values (1040, '操作查询', 500, 1, '#', '', 1, 'F', '0', '0', 'monitor:operlog:query', '#', 'admin', '2018-03-16 11:33:00', 'ry', '2018-03-16 11:33:00', '');
insert into "TEST"."SYS_MENU" ("MENU_ID", "MENU_NAME", "PARENT_ID", "ORDER_NUM", "PATH", "COMPONENT", "IS_FRAME", "MENU_TYPE", "VISIBLE", "STATUS", "PERMS", "ICON", "CREATE_BY", "CREATE_TIME", "UPDATE_BY", "UPDATE_TIME", "REMARK") values (1041, '操作删除', 500, 2, '#', '', 1, 'F', '0', '0', 'monitor:operlog:remove', '#', 'admin', '2018-03-16 11:33:00', 'ry', '2018-03-16 11:33:00', '');
insert into "TEST"."SYS_MENU" ("MENU_ID", "MENU_NAME", "PARENT_ID", "ORDER_NUM", "PATH", "COMPONENT", "IS_FRAME", "MENU_TYPE", "VISIBLE", "STATUS", "PERMS", "ICON", "CREATE_BY", "CREATE_TIME", "UPDATE_BY", "UPDATE_TIME", "REMARK") values (1042, '日志导出', 500, 4, '#', '', 1, 'F', '0', '0', 'monitor:operlog:export', '#', 'admin', '2018-03-16 11:33:00', 'ry', '2018-03-16 11:33:00', '');
insert into "TEST"."SYS_MENU" ("MENU_ID", "MENU_NAME", "PARENT_ID", "ORDER_NUM", "PATH", "COMPONENT", "IS_FRAME", "MENU_TYPE", "VISIBLE", "STATUS", "PERMS", "ICON", "CREATE_BY", "CREATE_TIME", "UPDATE_BY", "UPDATE_TIME", "REMARK") values (1043, '登录查询', 501, 1, '#', '', 1, 'F', '0', '0', 'monitor:logininfor:query', '#', 'admin', '2018-03-16 11:33:00', 'ry', '2018-03-16 11:33:00', '');
insert into "TEST"."SYS_MENU" ("MENU_ID", "MENU_NAME", "PARENT_ID", "ORDER_NUM", "PATH", "COMPONENT", "IS_FRAME", "MENU_TYPE", "VISIBLE", "STATUS", "PERMS", "ICON", "CREATE_BY", "CREATE_TIME", "UPDATE_BY", "UPDATE_TIME", "REMARK") values (1044, '登录删除', 501, 2, '#', '', 1, 'F', '0', '0', 'monitor:logininfor:remove', '#', 'admin', '2018-03-16 11:33:00', 'ry', '2018-03-16 11:33:00', '');
insert into "TEST"."SYS_MENU" ("MENU_ID", "MENU_NAME", "PARENT_ID", "ORDER_NUM", "PATH", "COMPONENT", "IS_FRAME", "MENU_TYPE", "VISIBLE", "STATUS", "PERMS", "ICON", "CREATE_BY", "CREATE_TIME", "UPDATE_BY", "UPDATE_TIME", "REMARK") values (1045, '日志导出', 501, 3, '#', '', 1, 'F', '0', '0', 'monitor:logininfor:export', '#', 'admin', '2018-03-16 11:33:00', 'ry', '2018-03-16 11:33:00', '');
insert into "TEST"."SYS_MENU" ("MENU_ID", "MENU_NAME", "PARENT_ID", "ORDER_NUM", "PATH", "COMPONENT", "IS_FRAME", "MENU_TYPE", "VISIBLE", "STATUS", "PERMS", "ICON", "CREATE_BY", "CREATE_TIME", "UPDATE_BY", "UPDATE_TIME", "REMARK") values (1046, '在线查询', 109, 1, '#', '', 1, 'F', '0', '0', 'monitor:online:query', '#', 'admin', '2018-03-16 11:33:00', 'ry', '2018-03-16 11:33:00', '');
insert into "TEST"."SYS_MENU" ("MENU_ID", "MENU_NAME", "PARENT_ID", "ORDER_NUM", "PATH", "COMPONENT", "IS_FRAME", "MENU_TYPE", "VISIBLE", "STATUS", "PERMS", "ICON", "CREATE_BY", "CREATE_TIME", "UPDATE_BY", "UPDATE_TIME", "REMARK") values (1047, '批量强退', 109, 2, '#', '', 1, 'F', '0', '0', 'monitor:online:batchLogout', '#', 'admin', '2018-03-16 11:33:00', 'ry', '2018-03-16 11:33:00', '');
insert into "TEST"."SYS_MENU" ("MENU_ID", "MENU_NAME", "PARENT_ID", "ORDER_NUM", "PATH", "COMPONENT", "IS_FRAME", "MENU_TYPE", "VISIBLE", "STATUS", "PERMS", "ICON", "CREATE_BY", "CREATE_TIME", "UPDATE_BY", "UPDATE_TIME", "REMARK") values (1048, '单条强退', 109, 3, '#', '', 1, 'F', '0', '0', 'monitor:online:forceLogout', '#', 'admin', '2018-03-16 11:33:00', 'ry', '2018-03-16 11:33:00', '');
insert into "TEST"."SYS_MENU" ("MENU_ID", "MENU_NAME", "PARENT_ID", "ORDER_NUM", "PATH", "COMPONENT", "IS_FRAME", "MENU_TYPE", "VISIBLE", "STATUS", "PERMS", "ICON", "CREATE_BY", "CREATE_TIME", "UPDATE_BY", "UPDATE_TIME", "REMARK") values (1049, '任务查询', 110, 1, '#', '', 1, 'F', '0', '0', 'monitor:job:query', '#', 'admin', '2018-03-16 11:33:00', 'ry', '2018-03-16 11:33:00', '');
insert into "TEST"."SYS_MENU" ("MENU_ID", "MENU_NAME", "PARENT_ID", "ORDER_NUM", "PATH", "COMPONENT", "IS_FRAME", "MENU_TYPE", "VISIBLE", "STATUS", "PERMS", "ICON", "CREATE_BY", "CREATE_TIME", "UPDATE_BY", "UPDATE_TIME", "REMARK") values (1050, '任务新增', 110, 2, '#', '', 1, 'F', '0', '0', 'monitor:job:add', '#', 'admin', '2018-03-16 11:33:00', 'ry', '2018-03-16 11:33:00', '');
insert into "TEST"."SYS_MENU" ("MENU_ID", "MENU_NAME", "PARENT_ID", "ORDER_NUM", "PATH", "COMPONENT", "IS_FRAME", "MENU_TYPE", "VISIBLE", "STATUS", "PERMS", "ICON", "CREATE_BY", "CREATE_TIME", "UPDATE_BY", "UPDATE_TIME", "REMARK") values (1051, '任务修改', 110, 3, '#', '', 1, 'F', '0', '0', 'monitor:job:edit', '#', 'admin', '2018-03-16 11:33:00', 'ry', '2018-03-16 11:33:00', '');
insert into "TEST"."SYS_MENU" ("MENU_ID", "MENU_NAME", "PARENT_ID", "ORDER_NUM", "PATH", "COMPONENT", "IS_FRAME", "MENU_TYPE", "VISIBLE", "STATUS", "PERMS", "ICON", "CREATE_BY", "CREATE_TIME", "UPDATE_BY", "UPDATE_TIME", "REMARK") values (1052, '任务删除', 110, 4, '#', '', 1, 'F', '0', '0', 'monitor:job:remove', '#', 'admin', '2018-03-16 11:33:00', 'ry', '2018-03-16 11:33:00', '');
insert into "TEST"."SYS_MENU" ("MENU_ID", "MENU_NAME", "PARENT_ID", "ORDER_NUM", "PATH", "COMPONENT", "IS_FRAME", "MENU_TYPE", "VISIBLE", "STATUS", "PERMS", "ICON", "CREATE_BY", "CREATE_TIME", "UPDATE_BY", "UPDATE_TIME", "REMARK") values (1053, '状态修改', 110, 5, '#', '', 1, 'F', '0', '0', 'monitor:job:changeStatus', '#', 'admin', '2018-03-16 11:33:00', 'ry', '2018-03-16 11:33:00', '');
insert into "TEST"."SYS_MENU" ("MENU_ID", "MENU_NAME", "PARENT_ID", "ORDER_NUM", "PATH", "COMPONENT", "IS_FRAME", "MENU_TYPE", "VISIBLE", "STATUS", "PERMS", "ICON", "CREATE_BY", "CREATE_TIME", "UPDATE_BY", "UPDATE_TIME", "REMARK") values (1054, '任务导出', 110, 7, '#', '', 1, 'F', '0', '0', 'monitor:job:export', '#', 'admin', '2018-03-16 11:33:00', 'ry', '2018-03-16 11:33:00', '');
insert into "TEST"."SYS_MENU" ("MENU_ID", "MENU_NAME", "PARENT_ID", "ORDER_NUM", "PATH", "COMPONENT", "IS_FRAME", "MENU_TYPE", "VISIBLE", "STATUS", "PERMS", "ICON", "CREATE_BY", "CREATE_TIME", "UPDATE_BY", "UPDATE_TIME", "REMARK") values (1055, '生成查询', 114, 1, '#', '', 1, 'F', '0', '0', 'tool:gen:query', '#', 'admin', '2018-03-16 11:33:00', 'ry', '2018-03-16 11:33:00', '');
insert into "TEST"."SYS_MENU" ("MENU_ID", "MENU_NAME", "PARENT_ID", "ORDER_NUM", "PATH", "COMPONENT", "IS_FRAME", "MENU_TYPE", "VISIBLE", "STATUS", "PERMS", "ICON", "CREATE_BY", "CREATE_TIME", "UPDATE_BY", "UPDATE_TIME", "REMARK") values (1056, '生成修改', 114, 2, '#', '', 1, 'F', '0', '0', 'tool:gen:edit', '#', 'admin', '2018-03-16 11:33:00', 'ry', '2018-03-16 11:33:00', '');
insert into "TEST"."SYS_MENU" ("MENU_ID", "MENU_NAME", "PARENT_ID", "ORDER_NUM", "PATH", "COMPONENT", "IS_FRAME", "MENU_TYPE", "VISIBLE", "STATUS", "PERMS", "ICON", "CREATE_BY", "CREATE_TIME", "UPDATE_BY", "UPDATE_TIME", "REMARK") values (1057, '生成删除', 114, 3, '#', '', 1, 'F', '0', '0', 'tool:gen:remove', '#', 'admin', '2018-03-16 11:33:00', 'ry', '2018-03-16 11:33:00', '');
insert into "TEST"."SYS_MENU" ("MENU_ID", "MENU_NAME", "PARENT_ID", "ORDER_NUM", "PATH", "COMPONENT", "IS_FRAME", "MENU_TYPE", "VISIBLE", "STATUS", "PERMS", "ICON", "CREATE_BY", "CREATE_TIME", "UPDATE_BY", "UPDATE_TIME", "REMARK") values (1058, '导入代码', 114, 2, '#', '', 1, 'F', '0', '0', 'tool:gen:import', '#', 'admin', '2018-03-16 11:33:00', 'ry', '2018-03-16 11:33:00', '');
insert into "TEST"."SYS_MENU" ("MENU_ID", "MENU_NAME", "PARENT_ID", "ORDER_NUM", "PATH", "COMPONENT", "IS_FRAME", "MENU_TYPE", "VISIBLE", "STATUS", "PERMS", "ICON", "CREATE_BY", "CREATE_TIME", "UPDATE_BY", "UPDATE_TIME", "REMARK") values (1059, '预览代码', 114, 4, '#', '', 1, 'F', '0', '0', 'tool:gen:preview', '#', 'admin', '2018-03-16 11:33:00', 'ry', '2018-03-16 11:33:00', '');
insert into "TEST"."SYS_MENU" ("MENU_ID", "MENU_NAME", "PARENT_ID", "ORDER_NUM", "PATH", "COMPONENT", "IS_FRAME", "MENU_TYPE", "VISIBLE", "STATUS", "PERMS", "ICON", "CREATE_BY", "CREATE_TIME", "UPDATE_BY", "UPDATE_TIME", "REMARK") values (1060, '生成代码', 114, 5, '#', '', 1, 'F', '0', '0', 'tool:gen:code', '#', 'admin', '2018-03-16 11:33:00', 'ry', '2018-03-16 11:33:00', '');
insert into "TEST"."SYS_MENU" ("MENU_ID", "MENU_NAME", "PARENT_ID", "ORDER_NUM", "PATH", "COMPONENT", "IS_FRAME", "MENU_TYPE", "VISIBLE", "STATUS", "PERMS", "ICON", "CREATE_BY", "CREATE_TIME", "UPDATE_BY", "UPDATE_TIME", "REMARK") values (2542, '首页信息', 2548, 1, 'recruitHandbook', 'driver/recruitHandbook/index', 1, 'C', '0', '0', 'driver:recruitHandbook:list', '#', 'admin', '2018-03-01', 'admin', '2021-09-14 16:26:04', '招生简章菜单');

insert into "TEST"."SYS_POST" ("POST_ID", "POST_CODE", "POST_NAME", "POST_SORT", "STATUS", "CREATE_BY", "CREATE_TIME", "UPDATE_BY", "UPDATE_TIME", "REMARK") values (1, 'ceo', '董事长', 1, '0', 'admin', '2018-03-16 11:33:00', 'ry', '2018-03-16 11:33:00', '');
insert into "TEST"."SYS_POST" ("POST_ID", "POST_CODE", "POST_NAME", "POST_SORT", "STATUS", "CREATE_BY", "CREATE_TIME", "UPDATE_BY", "UPDATE_TIME", "REMARK") values (2, 'se', '项目经理', 2, '0', 'admin', '2018-03-16 11:33:00', 'ry', '2018-03-16 11:33:00', '');
insert into "TEST"."SYS_POST" ("POST_ID", "POST_CODE", "POST_NAME", "POST_SORT", "STATUS", "CREATE_BY", "CREATE_TIME", "UPDATE_BY", "UPDATE_TIME", "REMARK") values (3, 'hr', '人力资源', 3, '0', 'admin', '2018-03-16 11:33:00', 'ry', '2018-03-16 11:33:00', '');
insert into "TEST"."SYS_POST" ("POST_ID", "POST_CODE", "POST_NAME", "POST_SORT", "STATUS", "CREATE_BY", "CREATE_TIME", "UPDATE_BY", "UPDATE_TIME", "REMARK") values (4, 'user', '普通员工', 4, '0', 'admin', '2018-03-16 11:33:00', 'ry', '2018-03-16 11:33:00', '');

insert into "TEST"."SYS_ROLE" ("ROLE_ID", "ROLE_NAME", "ROLE_KEY", "ROLE_SORT", "DATA_SCOPE", "STATUS", "DEL_FLAG", "CREATE_BY", "CREATE_TIME", "UPDATE_BY", "UPDATE_TIME", "REMARK") values (1, '超级管理员', 'admin', 1, '1', '0', '0', 'admin', '2018-03-16 11:33:00', 'ry', '2018-03-16 11:33:00', '超级管理员');
insert into "TEST"."SYS_ROLE" ("ROLE_ID", "ROLE_NAME", "ROLE_KEY", "ROLE_SORT", "DATA_SCOPE", "STATUS", "DEL_FLAG", "CREATE_BY", "CREATE_TIME", "UPDATE_BY", "UPDATE_TIME", "REMARK") values (2, '普通角色', 'common', 2, '1', '1', '2', 'admin', '2018-03-16 11:33:00', 'admin', '2021-01-06 14:48:11', '普通角色');

INSERT INTO `TEST`.`sys_dept`(`dept_id`, `parent_id`, `ancestors`, `dept_name`, `order_num`, `leader`, `phone`, `email`, `status`, `del_flag`, `create_by`, `create_time`, `update_by`, `update_time`) VALUES (100, 0, '0', '乡村振兴', 0, '若依', '15888888888', 'ry@qq.com', '0', '0', 'admin', '2018-03-16 11:33:00', 'admin', '2020-10-23 08:33:53');
INSERT INTO `TEST`.`sys_dept`(`dept_id`, `parent_id`, `ancestors`, `dept_name`, `order_num`, `leader`, `phone`, `email`, `status`, `del_flag`, `create_by`, `create_time`, `update_by`, `update_time`) VALUES (101, 100, '0,100', '福建总公司', 1, '若依', '15888888888', 'ry@qq.com', '0', '0', 'admin', '2018-03-16 11:33:00', 'admin', '2020-10-23 08:33:42');
INSERT INTO `TEST`.`sys_dept`(`dept_id`, `parent_id`, `ancestors`, `dept_name`, `order_num`, `leader`, `phone`, `email`, `status`, `del_flag`, `create_by`, `create_time`, `update_by`, `update_time`) VALUES (102, 100, '0,100', '其他分公司', 2, '若依', '15888888888', 'ry@qq.com', '0', '0', 'admin', '2018-03-16 11:33:00', 'admin', '2020-10-23 08:33:53');
INSERT INTO `TEST`.`sys_dept`(`dept_id`, `parent_id`, `ancestors`, `dept_name`, `order_num`, `leader`, `phone`, `email`, `status`, `del_flag`, `create_by`, `create_time`, `update_by`, `update_time`) VALUES (103, 101, '0,100,101', '研发部门', 1, '若依', '15888888888', 'ry@qq.com', '0', '0', 'admin', '2018-03-16 11:33:00', 'ry', '2018-03-16 11:33:00');
INSERT INTO `TEST`.`sys_dept`(`dept_id`, `parent_id`, `ancestors`, `dept_name`, `order_num`, `leader`, `phone`, `email`, `status`, `del_flag`, `create_by`, `create_time`, `update_by`, `update_time`) VALUES (104, 101, '0,100,101', '市场部门', 2, '若依', '15888888888', 'ry@qq.com', '0', '0', 'admin', '2018-03-16 11:33:00', 'ry', '2018-03-16 11:33:00');
INSERT INTO `TEST`.`sys_dept`(`dept_id`, `parent_id`, `ancestors`, `dept_name`, `order_num`, `leader`, `phone`, `email`, `status`, `del_flag`, `create_by`, `create_time`, `update_by`, `update_time`) VALUES (105, 101, '0,100,101', '测试部门', 3, '若依', '15888888888', 'ry@qq.com', '0', '0', 'admin', '2018-03-16 11:33:00', 'ry', '2018-03-16 11:33:00');
INSERT INTO `TEST`.`sys_dept`(`dept_id`, `parent_id`, `ancestors`, `dept_name`, `order_num`, `leader`, `phone`, `email`, `status`, `del_flag`, `create_by`, `create_time`, `update_by`, `update_time`) VALUES (106, 101, '0,100,101', '财务部门', 4, '若依', '15888888888', 'ry@qq.com', '0', '0', 'admin', '2018-03-16 11:33:00', 'ry', '2018-03-16 11:33:00');
INSERT INTO `TEST`.`sys_dept`(`dept_id`, `parent_id`, `ancestors`, `dept_name`, `order_num`, `leader`, `phone`, `email`, `status`, `del_flag`, `create_by`, `create_time`, `update_by`, `update_time`) VALUES (107, 101, '0,100,101', '运维部门', 5, '若依', '15888888888', 'ry@qq.com', '0', '0', 'admin', '2018-03-16 11:33:00', 'ry', '2018-03-16 11:33:00');
INSERT INTO `TEST`.`sys_dept`(`dept_id`, `parent_id`, `ancestors`, `dept_name`, `order_num`, `leader`, `phone`, `email`, `status`, `del_flag`, `create_by`, `create_time`, `update_by`, `update_time`) VALUES (108, 102, '0,100,102', '市场部门', 1, '若依', '15888888888', 'ry@qq.com', '0', '0', 'admin', '2018-03-16 11:33:00', 'ry', '2018-03-16 11:33:00');
INSERT INTO `TEST`.`sys_dept`(`dept_id`, `parent_id`, `ancestors`, `dept_name`, `order_num`, `leader`, `phone`, `email`, `status`, `del_flag`, `create_by`, `create_time`, `update_by`, `update_time`) VALUES (109, 102, '0,100,102', '财务部门', 2, '若依', '15888888888', 'ry@qq.com', '0', '0', 'admin', '2018-03-16 11:33:00', 'ry', '2018-03-16 11:33:00');

insert into "TEST"."SYS_USER" ("USER_ID", "DEPT_ID", "USER_NAME", "NICK_NAME", "USER_TYPE", "EMAIL", "PHONENUMBER", "SEX", "AVATAR", "PASSWORD", "TRANSPORT_TYPE", "STATUS", "DEL_FLAG", "LOGIN_IP", "LOGIN_DATE", "CREATE_BY", "CREATE_TIME", "UPDATE_BY", "UPDATE_TIME", "REMARK") values (1, 100, 'admin', '学习管理员', '00', 'ry@163.com', '15888888888', '1', '', '$2a$10$vYdE10NKS0X8vkdEIkBqnOYWPVMigq.8vitc8BsVt2SSECjWUdCRy', 1, '0', '0', '127.0.0.1', '2018-03-16 11:33:00', 'admin', '2018-03-16 11:33:00', 'ry', '2020-12-18 17:51:11', '管理员');

insert into "TEST"."SYS_USER_POST" ("USER_ID", "POST_ID") values (1, 1);

insert into "TEST"."SYS_USER_ROLE" ("USER_ID", "ROLE_ID") values (1, 1);
